ID,Description,GeneRatio,BgRatio,RichFactor,FoldEnrichment,zScore,pvalue,p.adjust,qvalue,geneID,Count,ontology,group_label
GO:0061053,somite development,4/23,85/18860,0.0470588235294118,38.5882352941177,12.1363699416676,3.18690991104479e-06,0.00188346375742747,0.00133850216263881,MESP1/MESP2/RBBP6/PTCH1,4,BP,fanconi anemia
GO:0000578,embryonic axis specification,3/23,43/18860,0.0697674418604651,57.2093023255814,12.8939092591244,1.89383897943906e-05,0.00559629418424242,0.00397706185682203,MESP1/MESP2/PTCH1,3,BP,fanconi anemia
GO:0032525,somite rostral/caudal axis specification,2/23,11/18860,0.181818181818182,149.090909090909,17.1671405932962,7.77231963506919e-05,0.0153114696810863,0.0108812474890969,MESP1/MESP2,2,BP,fanconi anemia
GO:0072089,stem cell proliferation,3/23,131/18860,0.0229007633587786,18.7786259541985,7.13499914251352,0.000523916282761211,0.0516057538519792,0.0366741397932847,BRCA2/N4BP2L2/PTCH1,3,BP,fanconi anemia
GO:0071425,hematopoietic stem cell proliferation,2/23,37/18860,0.0540540540540541,44.3243243243243,9.21734023287945,0.000923178960687638,0.0719353825314972,0.0511215916467493,BRCA2/N4BP2L2,2,BP,fanconi anemia
GO:0001556,oocyte maturation,2/23,38/18860,0.0526315789473684,43.1578947368421,9.0898184308451,0.000973744602795225,0.0719353825314972,0.0511215916467493,ZAR1L/BRCA2,2,BP,fanconi anemia
GO:0001709,cell fate determination,2/23,43/18860,0.0465116279069768,38.1395348837209,8.5194758323631,0.00124614361759357,0.0818300975553108,0.058153368821033,MESP1/PTCH1,2,BP,fanconi anemia
GO:0051302,regulation of cell division,3/23,190/18860,0.0157894736842105,12.9473684210526,5.78354710508539,0.00153630969268635,0.0891160061895965,0.0633311719113884,BRCA2/PTCH1/CDC14B,3,BP,fanconi anemia
GO:0001701,in utero embryonic development,4/23,429/18860,0.00932400932400932,7.64568764568765,4.86532102209197,0.00165867355006017,0.0891160061895965,0.0633311719113884,BRCA2/N4BP2L2/RBBP6/PTCH1,4,BP,fanconi anemia
GO:0030858,positive regulation of epithelial cell differentiation,2/23,75/18860,0.0266666666666667,21.8666666666667,6.32696584294099,0.00373984530837804,0.117846731719523,0.083748946399661,MESP1/PTCH1,2,BP,fanconi anemia
GO:0048332,mesoderm morphogenesis,2/23,79/18860,0.0253164556962025,20.7594936708861,6.14960725541499,0.00413997208311772,0.117846731719523,0.083748946399661,MESP1/MESP2,2,BP,fanconi anemia
GO:0007492,endoderm development,2/23,90/18860,0.0222222222222222,18.2222222222222,5.72263025383963,0.00533797002003182,0.117846731719523,0.083748946399661,MESP1/TNRC6A,2,BP,fanconi anemia
GO:0072091,regulation of stem cell proliferation,2/23,95/18860,0.0210526315789474,17.2631578947368,5.55277116457008,0.00592912064707981,0.117846731719523,0.083748946399661,N4BP2L2/PTCH1,2,BP,fanconi anemia
GO:0032465,regulation of cytokinesis,2/23,96/18860,0.0208333333333333,17.0833333333333,5.52034660708482,0.00605079952001229,0.117846731719523,0.083748946399661,BRCA2/CDC14B,2,BP,fanconi anemia
GO:0048608,reproductive structure development,3/23,318/18860,0.00943396226415094,7.73584905660377,4.2329681185398,0.00654914561850986,0.117846731719523,0.083748946399661,BRCA2/PTCH1/HSD17B3,3,BP,fanconi anemia
GO:0000077,DNA damage checkpoint signaling,2/23,117/18860,0.0170940170940171,14.017094017094,4.93520047739745,0.00886598469349394,0.117846731719523,0.083748946399661,BRCA2/CDC14B,2,BP,fanconi anemia
GO:0001840,neural plate development,1/23,10/18860,0.1,82,8.95254929412783,0.0121312936190364,0.117846731719523,0.083748946399661,PTCH1,1,BP,fanconi anemia
GO:0006702,androgen biosynthetic process,1/23,10/18860,0.1,82,8.95254929412783,0.0121312936190364,0.117846731719523,0.083748946399661,HSD17B3,1,BP,fanconi anemia
GO:0060947,cardiac vascular smooth muscle cell differentiation,1/23,10/18860,0.1,82,8.95254929412783,0.0121312936190364,0.117846731719523,0.083748946399661,MESP1,1,BP,fanconi anemia
GO:0072203,cell proliferation involved in metanephros development,1/23,10/18860,0.1,82,8.95254929412783,0.0121312936190364,0.117846731719523,0.083748946399661,PTCH1,1,BP,fanconi anemia
GO:1905770,regulation of mesodermal cell differentiation,1/23,10/18860,0.1,82,8.95254929412783,0.0121312936190364,0.117846731719523,0.083748946399661,MESP1,1,BP,fanconi anemia
GO:0007498,mesoderm development,2/23,142/18860,0.0140845070422535,11.5492957746479,4.40915431713521,0.0128405440076599,0.117846731719523,0.083748946399661,MESP1/MESP2,2,BP,fanconi anemia
GO:0003139,secondary heart field specification,1/23,11/18860,0.0909090909090909,74.5454545454546,8.52560880293222,0.0133366506613045,0.117846731719523,0.083748946399661,MESP1,1,BP,fanconi anemia
GO:0060920,cardiac pacemaker cell differentiation,1/23,11/18860,0.0909090909090909,74.5454545454546,8.52560880293222,0.0133366506613045,0.117846731719523,0.083748946399661,MESP1,1,BP,fanconi anemia
GO:0097680,double-strand break repair via classical nonhomologous end joining,1/23,11/18860,0.0909090909090909,74.5454545454546,8.52560880293222,0.0133366506613045,0.117846731719523,0.083748946399661,ERCC6L2,1,BP,fanconi anemia
GO:2000392,regulation of lamellipodium morphogenesis,1/23,11/18860,0.0909090909090909,74.5454545454546,8.52560880293222,0.0133366506613045,0.117846731719523,0.083748946399661,ARPIN,1,BP,fanconi anemia
GO:0001889,liver development,2/23,145/18860,0.0137931034482759,11.3103448275862,4.35491472327359,0.0133612279071147,0.117846731719523,0.083748946399661,MESP1/PTCH1,2,BP,fanconi anemia
GO:0003158,endothelium development,2/23,149/18860,0.0134228187919463,11.006711409396,4.28502528789413,0.0140696729049276,0.117846731719523,0.083748946399661,STARD13/MESP1,2,BP,fanconi anemia
GO:0016311,dephosphorylation,2/23,151/18860,0.0132450331125828,10.8609271523179,4.25107058413401,0.0144299359719144,0.117846731719523,0.083748946399661,CHP2/CDC14B,2,BP,fanconi anemia
GO:0003163,sinoatrial node development,1/23,12/18860,0.0833333333333333,68.3333333333333,8.15277544542366,0.014540600846184,0.117846731719523,0.083748946399661,MESP1,1,BP,fanconi anemia
GO:0003207,cardiac chamber formation,1/23,12/18860,0.0833333333333333,68.3333333333333,8.15277544542366,0.014540600846184,0.117846731719523,0.083748946399661,MESP1,1,BP,fanconi anemia
GO:0016559,peroxisome fission,1/23,12/18860,0.0833333333333333,68.3333333333333,8.15277544542366,0.014540600846184,0.117846731719523,0.083748946399661,PEX11A,1,BP,fanconi anemia
GO:0070200,establishment of protein localization to telomere,1/23,12/18860,0.0833333333333333,68.3333333333333,8.15277544542366,0.014540600846184,0.117846731719523,0.083748946399661,BRCA2,1,BP,fanconi anemia
GO:0090481,pyrimidine nucleotide-sugar transmembrane transport,1/23,12/18860,0.0833333333333333,68.3333333333333,8.15277544542366,0.014540600846184,0.117846731719523,0.083748946399661,SLC35D2,1,BP,fanconi anemia
GO:0040015,negative regulation of multicellular organism growth,1/23,13/18860,0.0769230769230769,63.0769230769231,7.82344660166955,0.0157431457411621,0.117846731719523,0.083748946399661,PTCH1,1,BP,fanconi anemia
GO:0051443,positive regulation of ubiquitin-protein transferase activity,1/23,13/18860,0.0769230769230769,63.0769230769231,7.82344660166955,0.0157431457411621,0.117846731719523,0.083748946399661,CDC14B,1,BP,fanconi anemia
GO:0060213,positive regulation of nuclear-transcribed mRNA poly(A) tail shortening,1/23,13/18860,0.0769230769230769,63.0769230769231,7.82344660166955,0.0157431457411621,0.117846731719523,0.083748946399661,TNRC6A,1,BP,fanconi anemia
GO:0061370,testosterone biosynthetic process,1/23,13/18860,0.0769230769230769,63.0769230769231,7.82344660166955,0.0157431457411621,0.117846731719523,0.083748946399661,HSD17B3,1,BP,fanconi anemia
GO:0051347,positive regulation of transferase activity,2/23,161/18860,0.0124223602484472,10.1863354037267,4.09037781792764,0.016290862192096,0.117846731719523,0.083748946399661,RFC3/CDC14B,2,BP,fanconi anemia
GO:0022412,cellular process involved in reproduction in multicellular organism,3/23,449/18860,0.0066815144766147,5.47884187082405,3.35635268747453,0.01666520139366,0.117846731719523,0.083748946399661,ZAR1L/BRCA2/PTCH1,3,BP,fanconi anemia
GO:0060911,cardiac cell fate commitment,1/23,14/18860,0.0714285714285714,58.5714285714286,7.52971970724307,0.0169442869120618,0.117846731719523,0.083748946399661,MESP1,1,BP,fanconi anemia
GO:0071679,commissural neuron axon guidance,1/23,14/18860,0.0714285714285714,58.5714285714286,7.52971970724307,0.0169442869120618,0.117846731719523,0.083748946399661,PTCH1,1,BP,fanconi anemia
GO:1901533,negative regulation of hematopoietic progenitor cell differentiation,1/23,14/18860,0.0714285714285714,58.5714285714286,7.52971970724307,0.0169442869120618,0.117846731719523,0.083748946399661,N4BP2L2,1,BP,fanconi anemia
GO:0000722,telomere maintenance via recombination,1/23,15/18860,0.0666666666666667,54.6666666666667,7.26556779155716,0.0181440259230472,0.117846731719523,0.083748946399661,BRCA2,1,BP,fanconi anemia
GO:0001833,inner cell mass cell proliferation,1/23,15/18860,0.0666666666666667,54.6666666666667,7.26556779155716,0.0181440259230472,0.117846731719523,0.083748946399661,BRCA2,1,BP,fanconi anemia
GO:0006271,DNA strand elongation involved in DNA replication,1/23,15/18860,0.0666666666666667,54.6666666666667,7.26556779155716,0.0181440259230472,0.117846731719523,0.083748946399661,RFC3,1,BP,fanconi anemia
GO:0010225,response to UV-C,1/23,15/18860,0.0666666666666667,54.6666666666667,7.26556779155716,0.0181440259230472,0.117846731719523,0.083748946399661,BRCA2,1,BP,fanconi anemia
GO:0010454,negative regulation of cell fate commitment,1/23,15/18860,0.0666666666666667,54.6666666666667,7.26556779155716,0.0181440259230472,0.117846731719523,0.083748946399661,MESP1,1,BP,fanconi anemia
GO:0070365,hepatocyte differentiation,1/23,15/18860,0.0666666666666667,54.6666666666667,7.26556779155716,0.0181440259230472,0.117846731719523,0.083748946399661,MESP1,1,BP,fanconi anemia
GO:1904666,regulation of ubiquitin protein ligase activity,1/23,15/18860,0.0666666666666667,54.6666666666667,7.26556779155716,0.0181440259230472,0.117846731719523,0.083748946399661,CDC14B,1,BP,fanconi anemia
GO:0048568,embryonic organ development,3/23,472/18860,0.00635593220338983,5.21186440677966,3.23813918853445,0.0190170877783043,0.117846731719523,0.083748946399661,MESP1/RBBP6/PTCH1,3,BP,fanconi anemia
GO:0007292,female gamete generation,2/23,176/18860,0.0113636363636364,9.31818181818182,3.87406758459609,0.0192643976684669,0.117846731719523,0.083748946399661,ZAR1L/BRCA2,2,BP,fanconi anemia
GO:0050680,negative regulation of epithelial cell proliferation,2/23,176/18860,0.0113636363636364,9.31818181818182,3.87406758459609,0.0192643976684669,0.117846731719523,0.083748946399661,BRCA2/PTCH1,2,BP,fanconi anemia
GO:0018146,keratan sulfate proteoglycan biosynthetic process,1/23,16/18860,0.0625,51.25,7.02630323911402,0.019342364336619,0.117846731719523,0.083748946399661,SLC35D2,1,BP,fanconi anemia
GO:0033599,regulation of mammary gland epithelial cell proliferation,1/23,16/18860,0.0625,51.25,7.02630323911402,0.019342364336619,0.117846731719523,0.083748946399661,BRCA2,1,BP,fanconi anemia
GO:0060026,convergent extension,1/23,16/18860,0.0625,51.25,7.02630323911402,0.019342364336619,0.117846731719523,0.083748946399661,MESP1,1,BP,fanconi anemia
GO:0061668,mitochondrial ribosome assembly,1/23,16/18860,0.0625,51.25,7.02630323911402,0.019342364336619,0.117846731719523,0.083748946399661,NGRN,1,BP,fanconi anemia
GO:0070131,positive regulation of mitochondrial translation,1/23,16/18860,0.0625,51.25,7.02630323911402,0.019342364336619,0.117846731719523,0.083748946399661,NGRN,1,BP,fanconi anemia
GO:0035264,multicellular organism growth,2/23,178/18860,0.0112359550561798,9.21348314606742,3.84718496630907,0.0196770129734653,0.117846731719523,0.083748946399661,RBBP6/PTCH1,2,BP,fanconi anemia
GO:0021904,dorsal/ventral neural tube patterning,1/23,17/18860,0.0588235294117647,48.2352941176471,6.80821778742744,0.0205393037136231,0.117846731719523,0.083748946399661,PTCH1,1,BP,fanconi anemia
GO:1902969,mitotic DNA replication,1/23,17/18860,0.0588235294117647,48.2352941176471,6.80821778742744,0.0205393037136231,0.117846731719523,0.083748946399661,BRCA2,1,BP,fanconi anemia
GO:0007096,regulation of exit from mitosis,1/23,18/18860,0.0555555555555556,45.5555555555556,6.60833415667206,0.0217348456132453,0.117846731719523,0.083748946399661,CDC14B,1,BP,fanconi anemia
GO:0042339,keratan sulfate proteoglycan metabolic process,1/23,18/18860,0.0555555555555556,45.5555555555556,6.60833415667206,0.0217348456132453,0.117846731719523,0.083748946399661,SLC35D2,1,BP,fanconi anemia
GO:0042415,norepinephrine metabolic process,1/23,18/18860,0.0555555555555556,45.5555555555556,6.60833415667206,0.0217348456132453,0.117846731719523,0.083748946399661,KL,1,BP,fanconi anemia
GO:0048368,lateral mesoderm development,1/23,18/18860,0.0555555555555556,45.5555555555556,6.60833415667206,0.0217348456132453,0.117846731719523,0.083748946399661,MESP1,1,BP,fanconi anemia
GO:0060644,mammary gland epithelial cell differentiation,1/23,18/18860,0.0555555555555556,45.5555555555556,6.60833415667206,0.0217348456132453,0.117846731719523,0.083748946399661,PTCH1,1,BP,fanconi anemia
GO:0061154,endothelial tube morphogenesis,1/23,18/18860,0.0555555555555556,45.5555555555556,6.60833415667206,0.0217348456132453,0.117846731719523,0.083748946399661,STARD13,1,BP,fanconi anemia
GO:0072673,lamellipodium morphogenesis,1/23,18/18860,0.0555555555555556,45.5555555555556,6.60833415667206,0.0217348456132453,0.117846731719523,0.083748946399661,ARPIN,1,BP,fanconi anemia
GO:0007219,Notch signaling pathway,2/23,191/18860,0.0104712041884817,8.58638743455497,3.68221000222156,0.0224492793892798,0.120613855627858,0.0857154303954318,MESP1/MESP2,2,BP,fanconi anemia
GO:0000910,cytokinesis,2/23,195/18860,0.0102564102564103,8.41025641025641,3.63457741559238,0.0233332563031397,0.124233824100501,0.0882879968226908,BRCA2/CDC14B,2,BP,fanconi anemia
GO:0042770,signal transduction in response to DNA damage,2/23,200/18860,0.01,8.2,3.57691857462863,0.0244583398038473,0.127863617870056,0.0908675456944562,BRCA2/CDC14B,2,BP,fanconi anemia
GO:0060973,cell migration involved in heart development,1/23,21/18860,0.0476190476190476,39.047619047619,6.09572811694793,0.0253131020148842,0.127863617870056,0.0908675456944562,MESP1,1,BP,fanconi anemia
GO:0070886,positive regulation of calcineurin-NFAT signaling cascade,1/23,21/18860,0.0476190476190476,39.047619047619,6.09572811694793,0.0253131020148842,0.127863617870056,0.0908675456944562,CHP2,1,BP,fanconi anemia
GO:0071397,cellular response to cholesterol,1/23,21/18860,0.0476190476190476,39.047619047619,6.09572811694793,0.0253131020148842,0.127863617870056,0.0908675456944562,PTCH1,1,BP,fanconi anemia
GO:0001759,organ induction,1/23,23/18860,0.0434782608695652,35.6521739130435,5.81039843092701,0.027691647406441,0.130285440621826,0.0925886380053582,MESP1,1,BP,fanconi anemia
GO:0003228,atrial cardiac muscle tissue development,1/23,23/18860,0.0434782608695652,35.6521739130435,5.81039843092701,0.027691647406441,0.130285440621826,0.0925886380053582,MESP1,1,BP,fanconi anemia
GO:0033962,P-body assembly,1/23,23/18860,0.0434782608695652,35.6521739130435,5.81039843092701,0.027691647406441,0.130285440621826,0.0925886380053582,TNRC6A,1,BP,fanconi anemia
GO:0009713,catechol-containing compound biosynthetic process,1/23,24/18860,0.0416666666666667,34.1666666666667,5.68107451102658,0.0288788370921474,0.130285440621826,0.0925886380053582,KL,1,BP,fanconi anemia
GO:0035303,regulation of dephosphorylation,1/23,24/18860,0.0416666666666667,34.1666666666667,5.68107451102658,0.0288788370921474,0.130285440621826,0.0925886380053582,CHP2,1,BP,fanconi anemia
GO:0042423,catecholamine biosynthetic process,1/23,24/18860,0.0416666666666667,34.1666666666667,5.68107451102658,0.0288788370921474,0.130285440621826,0.0925886380053582,KL,1,BP,fanconi anemia
GO:0048469,cell maturation,2/23,221/18860,0.00904977375565611,7.42081447963801,3.35499852695827,0.0294214848798599,0.131728011848463,0.0936138155268268,ZAR1L/BRCA2,2,BP,fanconi anemia
GO:0003085,negative regulation of systemic arterial blood pressure,1/23,26/18860,0.0384615384615385,31.5384615384615,5.44477483836616,0.0312490581816044,0.135795539598001,0.0965044443843665,KL,1,BP,fanconi anemia
GO:0010875,positive regulation of cholesterol efflux,1/23,27/18860,0.037037037037037,30.3703703703704,5.33640683082287,0.0324320926757014,0.139899460629454,0.0994209364879372,PTCH1,1,BP,fanconi anemia
GO:0048745,smooth muscle tissue development,1/23,28/18860,0.0357142857142857,29.2857142857143,5.2337783039622,0.0336137451935407,0.139899460629454,0.0994209364879372,PTCH1,1,BP,fanconi anemia
GO:0003156,regulation of animal organ formation,1/23,29/18860,0.0344827586206897,28.2758620689655,5.13639213430932,0.0347940172761948,0.140742961144934,0.100020378478633,MESP1,1,BP,fanconi anemia
GO:0007141,male meiosis I,1/23,29/18860,0.0344827586206897,28.2758620689655,5.13639213430932,0.0347940172761948,0.140742961144934,0.100020378478633,BRCA2,1,BP,fanconi anemia
GO:0010165,response to X-ray,1/23,30/18860,0.0333333333333333,27.3333333333333,5.04380959275216,0.0359729104631021,0.140742961144934,0.100020378478633,BRCA2,1,BP,fanconi anemia
GO:1903671,negative regulation of sprouting angiogenesis,1/23,30/18860,0.0333333333333333,27.3333333333333,5.04380959275216,0.0359729104631021,0.140742961144934,0.100020378478633,STARD13,1,BP,fanconi anemia
GO:0021522,spinal cord motor neuron differentiation,1/23,31/18860,0.032258064516129,26.4516129032258,4.95564180524769,0.0371504262920638,0.140742961144934,0.100020378478633,PTCH1,1,BP,fanconi anemia
GO:0060037,pharyngeal system development,1/23,31/18860,0.032258064516129,26.4516129032258,4.95564180524769,0.0371504262920638,0.140742961144934,0.100020378478633,PTCH1,1,BP,fanconi anemia
GO:0070723,response to cholesterol,1/23,31/18860,0.032258064516129,26.4516129032258,4.95564180524769,0.0371504262920638,0.140742961144934,0.100020378478633,PTCH1,1,BP,fanconi anemia
GO:0015012,heparan sulfate proteoglycan biosynthetic process,1/23,34/18860,0.0294117647058824,24.1176470588235,4.71434585003194,0.0406747249848036,0.145890108671663,0.103678249817425,SLC35D2,1,BP,fanconi anemia
GO:0120255,olefinic compound biosynthetic process,1/23,34/18860,0.0294117647058824,24.1176470588235,4.71434585003194,0.0406747249848036,0.145890108671663,0.103678249817425,HSD17B3,1,BP,fanconi anemia
GO:0031128,developmental induction,1/23,35/18860,0.0285714285714286,23.4285714285714,4.64072166332409,0.0418467467273598,0.145890108671663,0.103678249817425,MESP1,1,BP,fanconi anemia
GO:0045684,positive regulation of epidermis development,1/23,35/18860,0.0285714285714286,23.4285714285714,4.64072166332409,0.0418467467273598,0.145890108671663,0.103678249817425,PTCH1,1,BP,fanconi anemia
GO:0062125,regulation of mitochondrial gene expression,1/23,35/18860,0.0285714285714286,23.4285714285714,4.64072166332409,0.0418467467273598,0.145890108671663,0.103678249817425,NGRN,1,BP,fanconi anemia
GO:0035137,hindlimb morphogenesis,1/23,36/18860,0.0277777777777778,22.7777777777778,4.57010559263413,0.0430173987765106,0.145890108671663,0.103678249817425,PTCH1,1,BP,fanconi anemia
GO:0045879,negative regulation of smoothened signaling pathway,1/23,37/18860,0.027027027027027,22.1621621621622,4.50229407507461,0.0441866826602836,0.145890108671663,0.103678249817425,PTCH1,1,BP,fanconi anemia
GO:0008340,determination of adult lifespan,1/23,38/18860,0.0263157894736842,21.5789473684211,4.43710238010042,0.0453545999050805,0.147277849142322,0.104664461319417,KL,1,BP,fanconi anemia
GO:0023019,signal transduction involved in regulation of gene expression,1/23,39/18860,0.0256410256410256,21.025641025641,4.3743624249916,0.0465211520356819,0.148616220827503,0.105615588405332,MESP1,1,BP,fanconi anemia
GO:0051125,regulation of actin nucleation,1/23,39/18860,0.0256410256410256,21.025641025641,4.3743624249916,0.0465211520356819,0.148616220827503,0.105615588405332,ARPIN,1,BP,fanconi anemia
GO:0071695,anatomical structure maturation,2/23,287/18860,0.00696864111498258,5.71428571428571,2.81211578529853,0.0473275210890394,0.149114430052761,0.105969645722774,ZAR1L/BRCA2,2,BP,fanconi anemia
GO:0042307,positive regulation of protein import into nucleus,1/23,40/18860,0.025,20.5,4.31392089240377,0.0476863405752483,0.149114430052761,0.105969645722774,CHP2,1,BP,fanconi anemia
GO:0042401,biogenic amine biosynthetic process,1/23,40/18860,0.025,20.5,4.31392089240377,0.0476863405752483,0.149114430052761,0.105969645722774,KL,1,BP,fanconi anemia
GO:0007548,sex differentiation,2/23,297/18860,0.00673400673400673,5.52188552188552,2.74467600175311,0.0503201654281419,0.153294936948618,0.108940564328967,BRCA2/HSD17B3,2,BP,fanconi anemia
GO:0033280,response to vitamin D,1/23,43/18860,0.0232558139534884,19.0697674418605,4.14504240560183,0.0511737398550687,0.1543044910936,0.109658013975147,KL,1,BP,fanconi anemia
GO:0030501,positive regulation of bone mineralization,1/23,44/18860,0.0227272727272727,18.6363636363636,4.09250397767214,0.0523334892297477,0.15578489516735,0.110710077783903,KL,1,BP,fanconi anemia
GO:0090051,negative regulation of cell migration involved in sprouting angiogenesis,1/23,45/18860,0.0222222222222222,18.2222222222222,4.0416687243954,0.0534918826049449,0.157282102584689,0.111774083055109,STARD13,1,BP,fanconi anemia
GO:2000573,positive regulation of DNA biosynthetic process,1/23,45/18860,0.0222222222222222,18.2222222222222,4.0416687243954,0.0534918826049449,0.157282102584689,0.111774083055109,RFC3,1,BP,fanconi anemia
GO:0030201,heparan sulfate proteoglycan metabolic process,1/23,46/18860,0.0217391304347826,17.8260869565217,3.99244419443015,0.0546489214941334,0.158560206628961,0.112682380345454,SLC35D2,1,BP,fanconi anemia
GO:0000731,DNA synthesis involved in DNA repair,1/23,47/18860,0.0212765957446809,17.4468085106383,3.94474483838808,0.0558046074091774,0.158560206628961,0.112682380345454,RFC3,1,BP,fanconi anemia
GO:0021517,ventral spinal cord development,1/23,47/18860,0.0212765957446809,17.4468085106383,3.94474483838808,0.0558046074091774,0.158560206628961,0.112682380345454,PTCH1,1,BP,fanconi anemia
GO:1990776,response to angiotensin,1/23,47/18860,0.0212765957446809,17.4468085106383,3.94474483838808,0.0558046074091774,0.158560206628961,0.112682380345454,KL,1,BP,fanconi anemia
GO:0051155,positive regulation of striated muscle cell differentiation,1/23,51/18860,0.0196078431372549,16.078431372549,3.76769533908548,0.0604138515089606,0.160831469557638,0.114296475827763,MESP1,1,BP,fanconi anemia
GO:1902743,regulation of lamellipodium organization,1/23,54/18860,0.0185185185185185,15.1851851851852,3.64754831494007,0.0638566521978746,0.164083832386713,0.116607799665684,ARPIN,1,BP,fanconi anemia
GO:0042181,ketone biosynthetic process,1/23,56/18860,0.0178571428571429,14.6428571428571,3.57265930573775,0.0661451454712778,0.16634800414266,0.118216855735901,HSD17B3,1,BP,fanconi anemia
GO:0045778,positive regulation of ossification,1/23,56/18860,0.0178571428571429,14.6428571428571,3.57265930573775,0.0661451454712778,0.16634800414266,0.118216855735901,KL,1,BP,fanconi anemia
GO:0180064,protein O-linked glycosylation via xylose,1/23,58/18860,0.0172413793103448,14.1379310344828,3.50151773010163,0.0684282869685362,0.167814702165955,0.119259179204232,SLC35D2,1,BP,fanconi anemia
GO:0009712,catechol-containing compound metabolic process,1/23,59/18860,0.0169491525423729,13.8983050847458,3.46725318376138,0.0695678545358018,0.167814702165955,0.119259179204232,KL,1,BP,fanconi anemia
GO:0001658,branching involved in ureteric bud morphogenesis,1/23,61/18860,0.0163934426229508,13.4426229508197,3.40115844150856,0.0718429907630844,0.170958122747579,0.12149308215564,PTCH1,1,BP,fanconi anemia
GO:0021700,developmental maturation,2/23,364/18860,0.0054945054945055,4.50549450549451,2.35981769619777,0.0720280415637008,0.170958122747579,0.12149308215564,ZAR1L/BRCA2,2,BP,fanconi anemia
GO:0043616,keratinocyte proliferation,1/23,63/18860,0.0158730158730159,13.015873015873,3.33809516280754,0.0741128050361775,0.171767324613258,0.122068149471351,PTCH1,1,BP,fanconi anemia
GO:0046824,positive regulation of nucleocytoplasmic transport,1/23,63/18860,0.0158730158730159,13.015873015873,3.33809516280754,0.0741128050361775,0.171767324613258,0.122068149471351,CHP2,1,BP,fanconi anemia
GO:0001947,heart looping,1/23,65/18860,0.0153846153846154,12.6153846153846,3.27783046724056,0.0763773092394913,0.17563809245346,0.124818948951698,MESP1,1,BP,fanconi anemia
GO:0042446,hormone biosynthetic process,1/23,65/18860,0.0153846153846154,12.6153846153846,3.27783046724056,0.0763773092394913,0.17563809245346,0.124818948951698,HSD17B3,1,BP,fanconi anemia
GO:0030336,negative regulation of cell migration,2/23,391/18860,0.0051150895140665,4.19437340153453,2.230333195927,0.0815112130529466,0.181310687153285,0.128850234525177,STARD13/ARPIN,2,BP,fanconi anemia
GO:0044091,membrane biogenesis,1/23,70/18860,0.0142857142857143,11.7142857142857,3.1380960535185,0.0820154159559854,0.181310687153285,0.128850234525177,PEX11A,1,BP,fanconi anemia
GO:0061371,determination of heart left/right asymmetry,1/23,70/18860,0.0142857142857143,11.7142857142857,3.1380960535185,0.0820154159559854,0.181310687153285,0.128850234525177,MESP1,1,BP,fanconi anemia
GO:0045668,negative regulation of osteoblast differentiation,1/23,71/18860,0.0140845070422535,11.5492957746479,3.11184666748778,0.0831390798960071,0.181310687153285,0.128850234525177,PTCH1,1,BP,fanconi anemia
GO:0071479,cellular response to ionizing radiation,1/23,75/18860,0.0133333333333333,10.9333333333333,3.01187830862047,0.0876205933971639,0.186272556466633,0.132376436067658,BRCA2,1,BP,fanconi anemia
GO:0033344,cholesterol efflux,1/23,79/18860,0.0126582278481013,10.379746835443,2.91919216929052,0.0920811497038884,0.19123985378101,0.135906495072799,PTCH1,1,BP,fanconi anemia
GO:0051145,smooth muscle cell differentiation,1/23,80/18860,0.0125,10.25,2.89705214074063,0.0931930251927765,0.19123985378101,0.135906495072799,MESP1,1,BP,fanconi anemia
GO:0051298,centrosome duplication,1/23,80/18860,0.0125,10.25,2.89705214074063,0.0931930251927765,0.19123985378101,0.135906495072799,BRCA2,1,BP,fanconi anemia
GO:0040013,negative regulation of locomotion,2/23,424/18860,0.00471698113207547,3.86792452830189,2.08705875869372,0.0936035507561697,0.191417641857773,0.136032841929382,STARD13/ARPIN,2,BP,fanconi anemia
GO:0071277,cellular response to calcium ion,1/23,82/18860,0.0121951219512195,10,2.85392231755776,0.0954128700774777,0.192453946128974,0.136769301817545,CHP2,1,BP,fanconi anemia
GO:0014823,response to activity,1/23,84/18860,0.0119047619047619,9.76190476190476,2.81225056295806,0.0976275165407603,0.193616987501978,0.137595828681609,KL,1,BP,fanconi anemia
GO:0006470,protein dephosphorylation,1/23,87/18860,0.0114942528735632,9.42528735632184,2.7522944072472,0.100939764610847,0.195591478311511,0.138999020119855,CDC14B,1,BP,fanconi anemia
GO:0140694,membraneless organelle assembly,2/23,446/18860,0.00448430493273543,3.67713004484305,1.99931031851913,0.101945266187045,0.196437736327946,0.139600421755901,NGRN/TNRC6A,2,BP,fanconi anemia
GO:0035050,embryonic heart tube development,1/23,89/18860,0.0112359550561798,9.21348314606742,2.71391379242782,0.103141465810646,0.197270570531041,0.14019228362612,MESP1,1,BP,fanconi anemia
GO:1901264,carbohydrate derivative transport,1/23,89/18860,0.0112359550561798,9.21348314606742,2.71391379242782,0.103141465810646,0.197270570531041,0.14019228362612,SLC35D2,1,BP,fanconi anemia
GO:0000280,nuclear division,2/23,453/18860,0.00441501103752759,3.62030905077263,1.97254759590162,0.104643221397268,0.19778388752371,0.140557077428017,BRCA2/CDC14B,2,BP,fanconi anemia
GO:0008543,fibroblast growth factor receptor signaling pathway,1/23,91/18860,0.010989010989011,9.01098901098901,2.6767243172303,0.105338009156214,0.19778388752371,0.140557077428017,KL,1,BP,fanconi anemia
GO:0060606,tube closure,1/23,91/18860,0.010989010989011,9.01098901098901,2.6767243172303,0.105338009156214,0.19778388752371,0.140557077428017,PTCH1,1,BP,fanconi anemia
GO:0001503,ossification,2/23,455/18860,0.0043956043956044,3.6043956043956,1.96499803538537,0.105417808071013,0.19778388752371,0.140557077428017,KL/PTCH1,2,BP,fanconi anemia
GO:0033273,response to vitamin,1/23,92/18860,0.0108695652173913,8.91304347826087,2.65855621349461,0.106434350239352,0.197807235822191,0.140573670127446,KL,1,BP,fanconi anemia
GO:0035023,regulation of Rho protein signal transduction,1/23,93/18860,0.010752688172043,8.81720430107527,2.64066244453263,0.107529406182685,0.198593372043647,0.141132345614774,STARD13,1,BP,fanconi anemia
GO:0097581,lamellipodium organization,1/23,93/18860,0.010752688172043,8.81720430107527,2.64066244453263,0.107529406182685,0.198593372043647,0.141132345614774,ARPIN,1,BP,fanconi anemia
GO:0001657,ureteric bud development,1/23,98/18860,0.0102040816326531,8.36734693877551,2.55506511983015,0.112985459080544,0.20184744038734,0.143444881493541,PTCH1,1,BP,fanconi anemia
GO:0009308,amine metabolic process,1/23,99/18860,0.0101010101010101,8.28282828282828,2.53867470080931,0.114072834330578,0.20184744038734,0.143444881493541,KL,1,BP,fanconi anemia
GO:0043279,response to alkaloid,1/23,100/18860,0.01,8.2,2.52251326540825,0.115158934475047,0.201955282714401,0.143521520710742,PTCH1,1,BP,fanconi anemia
GO:1900182,positive regulation of protein localization to nucleus,1/23,100/18860,0.01,8.2,2.52251326540825,0.115158934475047,0.201955282714401,0.143521520710742,CHP2,1,BP,fanconi anemia
GO:0006112,energy reserve metabolic process,1/23,102/18860,0.00980392156862745,8.03921568627451,2.49085514489276,0.117327315155199,0.203344408377485,0.144508716613441,KL,1,BP,fanconi anemia
GO:0060419,heart growth,1/23,103/18860,0.00970873786407767,7.96116504854369,2.47534782941666,0.118409598541031,0.204023535678569,0.144991345152282,MESP1,1,BP,fanconi anemia
GO:1905954,positive regulation of lipid localization,1/23,104/18860,0.00961538461538462,7.88461538461539,2.46004822058227,0.119490612521601,0.204040503387423,0.145003403422534,PTCH1,1,BP,fanconi anemia
GO:0032526,response to retinoic acid,1/23,108/18860,0.00925925925925926,7.59259259259259,2.40083159676969,0.123802002794124,0.206686394495275,0.146883732128622,PTCH1,1,BP,fanconi anemia
GO:0090398,cellular senescence,1/23,111/18860,0.00900900900900901,7.38738738738739,2.35837613045076,0.12702228623494,0.209109111879804,0.14860546021915,BRCA2,1,BP,fanconi anemia
GO:0097306,cellular response to alcohol,1/23,114/18860,0.0087719298245614,7.19298245614035,2.31747655052861,0.130231246970304,0.212029385563221,0.150680781618533,PTCH1,1,BP,fanconi anemia
GO:0006275,regulation of DNA replication,1/23,120/18860,0.00833333333333333,6.83333333333333,2.23995865943177,0.136615352234216,0.219999109456189,0.156344544791201,RBBP6,1,BP,fanconi anemia
GO:0045446,endothelial cell differentiation,1/23,126/18860,0.00793650793650794,6.50793650793651,2.16758591013934,0.142954621191891,0.225898880011785,0.160537275135279,MESP1,1,BP,fanconi anemia
GO:0071774,response to fibroblast growth factor,1/23,128/18860,0.0078125,6.40625,2.14450179679366,0.145057799244526,0.226045952434744,0.160641793608447,KL,1,BP,fanconi anemia
GO:0032543,mitochondrial translation,1/23,131/18860,0.00763358778625954,6.25954198473283,2.11078334443616,0.148203312345953,0.228689706518167,0.162520603616971,NGRN,1,BP,fanconi anemia
GO:0051592,response to calcium ion,1/23,143/18860,0.00699300699300699,5.73426573426573,1.98572868346827,0.160675020151547,0.238590293742624,0.169556553928769,CHP2,1,BP,fanconi anemia
GO:0007266,Rho protein signal transduction,1/23,147/18860,0.00680272108843537,5.57823129251701,1.94716191916693,0.164793300302274,0.242270747459313,0.172172104793421,STARD13,1,BP,fanconi anemia
GO:0034614,cellular response to reactive oxygen species,1/23,153/18860,0.0065359477124183,5.35947712418301,1.89188800967595,0.170934499086687,0.246395826732273,0.175103633210752,ERCC6L2,1,BP,fanconi anemia
GO:1905039,carboxylic acid transmembrane transport,1/23,156/18860,0.00641025641025641,5.25641025641026,1.86533102067634,0.173988877967135,0.248028116623728,0.176263636179299,SLC35D2,1,BP,fanconi anemia
GO:0044839,cell cycle G2/M phase transition,1/23,162/18860,0.00617283950617284,5.06172839506173,1.81421263815025,0.180065376402855,0.250987352486055,0.17836664643679,CDC14B,1,BP,fanconi anemia
GO:0051494,negative regulation of cytoskeleton organization,1/23,167/18860,0.00598802395209581,4.91017964071856,1.77350665340413,0.185096440183189,0.252055290664204,0.179125587274053,ARPIN,1,BP,fanconi anemia
GO:1902904,negative regulation of supramolecular fiber organization,1/23,169/18860,0.00591715976331361,4.85207100591716,1.75767569303474,0.187100586333224,0.252457640463323,0.179411521141448,ARPIN,1,BP,fanconi anemia
GO:0140053,mitochondrial gene expression,1/23,170/18860,0.00588235294117647,4.82352941176471,1.74985323458911,0.188100890571325,0.253229217147273,0.179959849749331,NGRN,1,BP,fanconi anemia
GO:0015748,organophosphate ester transport,1/23,178/18860,0.00561797752808989,4.60674157303371,1.68939312474037,0.196061046940532,0.26038669380192,0.185046381382075,SLC35D2,1,BP,fanconi anemia
GO:0051170,import into nucleus,1/23,184/18860,0.00543478260869565,4.45652173913043,1.64635562142878,0.201982116859368,0.266454087196175,0.189358234555657,CHP2,1,BP,fanconi anemia
GO:0043534,blood vessel endothelial cell migration,1/23,187/18860,0.0053475935828877,4.38502673796791,1.62552344422755,0.20492698681313,0.267946569041062,0.190418881552024,STARD13,1,BP,fanconi anemia
GO:0051336,regulation of hydrolase activity,1/23,190/18860,0.00526315789473684,4.31578947368421,1.60512540801929,0.207861460338449,0.27058617414102,0.19229474304438,CHP2,1,BP,fanconi anemia
GO:0031345,negative regulation of cell projection organization,1/23,192/18860,0.00520833333333333,4.27083333333333,1.59175972774579,0.209812017536928,0.272525060141372,0.193672631572549,ARPIN,1,BP,fanconi anemia
GO:0032200,telomere organization,1/23,193/18860,0.00518134715025907,4.24870466321244,1.58514502488523,0.210785572475682,0.272591407731134,0.193719782143953,BRCA2,1,BP,fanconi anemia
GO:0031099,regeneration,1/23,194/18860,0.00515463917525773,4.22680412371134,1.57857498655987,0.21175798003089,0.272778230384972,0.193852549512163,PTCH1,1,BP,fanconi anemia
GO:0009267,cellular response to starvation,1/23,196/18860,0.00510204081632653,4.18367346938776,1.56556668302985,0.213699358152694,0.272778230384972,0.193852549512163,TNRC6A,1,BP,fanconi anemia
GO:0000302,response to reactive oxygen species,1/23,205/18860,0.00487804878048781,4,1.50909971794466,0.222379104020816,0.27962989463043,0.19872175252924,ERCC6L2,1,BP,fanconi anemia
GO:0001763,morphogenesis of a branching structure,1/23,214/18860,0.00467289719626168,3.83177570093458,1.45576165874756,0.230967158422396,0.287978039298811,0.204654444171744,PTCH1,1,BP,fanconi anemia
GO:0009612,response to mechanical stimulus,1/23,228/18860,0.0043859649122807,3.59649122807018,1.37829418804655,0.244146279437588,0.303131199889946,0.215423187739048,PTCH1,1,BP,fanconi anemia
GO:0045926,negative regulation of growth,1/23,229/18860,0.00436681222707424,3.58078602620087,1.37299525445697,0.245079332012348,0.303651750983852,0.215793122526596,PTCH1,1,BP,fanconi anemia
GO:0042594,response to starvation,1/23,235/18860,0.00425531914893617,3.48936170212766,1.3418104616782,0.250654553622099,0.309909709603892,0.220240402764187,TNRC6A,1,BP,fanconi anemia
GO:0042180,ketone metabolic process,1/23,237/18860,0.00421940928270042,3.45991561181435,1.33164032935255,0.252504192891045,0.311544839245527,0.221402423829309,HSD17B3,1,BP,fanconi anemia
GO:0015931,nucleobase-containing compound transport,1/23,241/18860,0.004149377593361,3.40248962655602,1.31162367107974,0.25619037875748,0.314241618198817,0.223318916486469,SLC35D2,1,BP,fanconi anemia
GO:0060560,developmental growth involved in morphogenesis,1/23,246/18860,0.0040650406504065,3.33333333333333,1.28718764759143,0.260773663669211,0.314524969854089,0.223520283145038,MESP1,1,BP,fanconi anemia
GO:0016485,protein processing,1/23,248/18860,0.00403225806451613,3.30645161290323,1.27758865269595,0.262599403186835,0.31461575140525,0.22358479795297,PTCH1,1,BP,fanconi anemia
GO:0022604,regulation of cell morphogenesis,1/23,249/18860,0.00401606425702811,3.29317269076305,1.27282576980227,0.263510654730286,0.31461575140525,0.22358479795297,ARPIN,1,BP,fanconi anemia
GO:0009913,epidermal cell differentiation,1/23,255/18860,0.00392156862745098,3.2156862745098,1.24474645989416,0.268955585554137,0.319182231049187,0.226830011913127,PTCH1,1,BP,fanconi anemia
GO:0001667,ameboidal-type cell migration,1/23,256/18860,0.00390625,3.203125,1.24014748048041,0.269859322266432,0.31961294480854,0.227136102909622,MESP1,1,BP,fanconi anemia
GO:0110053,regulation of actin filament organization,1/23,274/18860,0.00364963503649635,2.99270072992701,1.16102554240417,0.285944998348563,0.333979237201582,0.237345650803155,ARPIN,1,BP,fanconi anemia
GO:0097305,response to alcohol,1/23,280/18860,0.00357142857142857,2.92857142857143,1.13608092677446,0.291231149944389,0.336875596155962,0.239403976963628,PTCH1,1,BP,fanconi anemia
GO:0042593,glucose homeostasis,1/23,281/18860,0.00355871886120996,2.91814946619217,1.13198798500184,0.292108527961142,0.336875596155962,0.239403976963628,PTCH1,1,BP,fanconi anemia
GO:0015850,organic hydroxy compound transport,1/23,294/18860,0.00340136054421769,2.7891156462585,1.08036445054336,0.303420325583216,0.346849927310794,0.246492334129498,PTCH1,1,BP,fanconi anemia
GO:0072659,protein localization to plasma membrane,1/23,295/18860,0.00338983050847458,2.77966101694915,1.07651032112617,0.304283264962274,0.347164883383598,0.246716160780222,PTCH1,1,BP,fanconi anemia
GO:0042254,ribosome biogenesis,1/23,318/18860,0.00314465408805031,2.57861635220126,0.992040147295508,0.323850959793469,0.363870565091141,0.258588218846496,NGRN,1,BP,fanconi anemia
GO:0045937,positive regulation of phosphate metabolic process,1/23,320/18860,0.003125,2.5625,0.985048308643096,0.325527391847977,0.364368728375292,0.258942243515436,CHP2,1,BP,fanconi anemia
GO:0055074,calcium ion homeostasis,1/23,331/18860,0.00302114803625378,2.4773413897281,0.947515342518286,0.334676934038558,0.371960773547588,0.264337605566814,KL,1,BP,fanconi anemia
GO:1904951,positive regulation of establishment of protein localization,1/23,334/18860,0.0029940119760479,2.45508982035928,0.937539523932221,0.337151584704724,0.371960773547588,0.264337605566814,CHP2,1,BP,fanconi anemia
GO:0000398,"mRNA splicing, via spliceosome",1/23,344/18860,0.00290697674418605,2.38372093023256,0.905047816106453,0.345336991911829,0.377444215188822,0.268234467646879,DHX8,1,BP,fanconi anemia
GO:0008202,steroid metabolic process,1/23,345/18860,0.00289855072463768,2.3768115942029,0.901860951267729,0.346150193963353,0.377444215188822,0.268234467646879,HSD17B3,1,BP,fanconi anemia
GO:0034504,protein localization to nucleus,1/23,345/18860,0.00289855072463768,2.3768115942029,0.901860951267729,0.346150193963353,0.377444215188822,0.268234467646879,CHP2,1,BP,fanconi anemia
GO:0046942,carboxylic acid transport,1/23,356/18860,0.00280898876404494,2.30337078651685,0.867516115120616,0.35503188340481,0.379598619733282,0.269765516561723,SLC35D2,1,BP,fanconi anemia
GO:0015849,organic acid transport,1/23,357/18860,0.00280112044817927,2.296918767507,0.864456587061964,0.355833562321892,0.379598619733282,0.269765516561723,SLC35D2,1,BP,fanconi anemia
GO:0032535,regulation of cellular component size,1/23,361/18860,0.00277008310249308,2.27146814404432,0.852319329447311,0.359030756869942,0.381631613867151,0.271210283966503,PEX11A,1,BP,fanconi anemia
GO:0008544,epidermis development,1/23,402/18860,0.00248756218905473,2.03980099502488,0.736356820430826,0.390938792311886,0.408206406813295,0.290095923623661,PTCH1,1,BP,fanconi anemia
GO:0032970,regulation of actin filament-based process,1/23,402/18860,0.00248756218905473,2.03980099502488,0.736356820430826,0.390938792311886,0.408206406813295,0.290095923623661,ARPIN,1,BP,fanconi anemia
GO:0060271,cilium assembly,1/23,408/18860,0.00245098039215686,2.00980392156863,0.72054779067892,0.395478848898327,0.41221869435434,0.292947295480242,CDC14B,1,BP,fanconi anemia
GO:0006979,response to oxidative stress,1/23,418/18860,0.00239234449760766,1.96172248803828,0.694786358258367,0.402973759894165,0.419291359326499,0.297973554851319,ERCC6L2,1,BP,fanconi anemia
GO:0044782,cilium organization,1/23,441/18860,0.00226757369614512,1.859410430839,0.63812281250634,0.419876219897629,0.433066048794937,0.307762674270514,CDC14B,1,BP,fanconi anemia
GO:0009410,response to xenobiotic stimulus,1/23,443/18860,0.00225733634311512,1.8510158013544,0.633355319376847,0.421324167998618,0.433802409907984,0.308285976584354,PTCH1,1,BP,fanconi anemia
GO:0007015,actin filament organization,1/23,469/18860,0.00213219616204691,1.74840085287846,0.573502614727574,0.439835737472024,0.4451077411746,0.316320222154538,ARPIN,1,BP,fanconi anemia
GO:0141188,nucleic acid catabolic process,1/23,479/18860,0.00208768267223382,1.71189979123173,0.551466879283006,0.446803618952339,0.449848277343838,0.319689131107296,TNRC6A,1,BP,fanconi anemia
GO:0010876,lipid localization,1/23,483/18860,0.0020703933747412,1.69772256728779,0.542795710827323,0.449567492512933,0.451861204209427,0.321119637509238,PTCH1,1,BP,fanconi anemia
GO:0004386,helicase activity,3/22,148/18662,0.0202702702702703,17.1947174447174,6.79532051543424,0.000673856632696286,0.0335533463366795,0.0262630781042835,RFC3/DHX8/ERCC6L2,3,MF,fanconi anemia
GO:0120545,nucleic acid conformation isomerase activity,3/22,161/18662,0.0186335403726708,15.8063241106719,6.48214036628495,0.000860342213761011,0.0335533463366795,0.0262630781042835,RFC3/DHX8/ERCC6L2,3,MF,fanconi anemia
GO:0120543,macromolecular conformation isomerase activity,3/22,283/18662,0.0106007067137809,8.99229039511725,4.65435362875886,0.00429218032655623,0.111596688490462,0.0873496347158812,RFC3/DHX8/ERCC6L2,3,MF,fanconi anemia
GO:0005496,steroid binding,2/22,111/18662,0.018018018018018,15.2841932841933,5.18548506382863,0.00749357600672312,0.146124732131101,0.114375633786827,KL/PTCH1,2,MF,fanconi anemia
GO:0015165,pyrimidine nucleotide-sugar transmembrane transporter activity,1/22,11/18662,0.0909090909090909,77.1157024793388,8.67511786868724,0.0128947972388824,0.159743211076056,0.125035171962365,SLC35D2,1,MF,fanconi anemia
GO:0016853,isomerase activity,3/22,433/18662,0.0069284064665127,5.87717824900273,3.52766224326119,0.0137660543962759,0.159743211076056,0.125035171962365,RFC3/DHX8/ERCC6L2,3,MF,fanconi anemia
GO:0015926,glucosidase activity,1/22,14/18662,0.0714285714285714,60.5909090909091,7.6627338471225,0.0163839190847237,0.159743211076056,0.125035171962365,KL,1,MF,fanconi anemia
GO:0010484,histone H3 acetyltransferase activity,1/22,16/18662,0.0625,53.0170454545455,7.15103123579264,0.0187034566966144,0.160684740428806,0.125772131509727,BRCA2,1,MF,fanconi anemia
GO:0004303,estradiol 17-beta-dehydrogenase [NAD(P)+] activity,1/22,19/18662,0.0526315789473684,44.6459330143541,6.53910822716068,0.0221729757357699,0.160684740428806,0.125772131509727,HSD17B3,1,MF,fanconi anemia
GO:0017134,fibroblast growth factor binding,1/22,23/18662,0.0434782608695652,36.8814229249012,5.91531823427871,0.0267807900714677,0.160684740428806,0.125772131509727,KL,1,MF,fanconi anemia
GO:0005104,fibroblast growth factor receptor binding,1/22,27/18662,0.037037037037037,31.4175084175084,5.43371259127353,0.0313678735341674,0.17083426039641,0.133716425141589,KL,1,MF,fanconi anemia
GO:0140097,"catalytic activity, acting on DNA",2/22,254/18662,0.0078740157480315,6.67931281317108,3.13087110392575,0.0356409542310947,0.17083426039641,0.133716425141589,PDS5B/RFC3,2,MF,fanconi anemia
GO:0030332,cyclin binding,1/22,34/18662,0.0294117647058824,24.9491978609626,4.80178995476397,0.0393456529625265,0.17083426039641,0.133716425141589,PTCH1,1,MF,fanconi anemia
GO:0043015,gamma-tubulin binding,1/22,35/18662,0.0285714285714286,24.2363636363636,4.72701055515801,0.0404802028677672,0.17083426039641,0.133716425141589,BRCA2,1,MF,fanconi anemia
GO:0016229,steroid dehydrogenase activity,1/22,36/18662,0.0277777777777778,23.5631313131313,4.65528918979433,0.041613473686305,0.17083426039641,0.133716425141589,HSD17B3,1,MF,fanconi anemia
GO:0015605,organophosphate ester transmembrane transporter activity,1/22,51/18662,0.0196078431372549,16.632798573975,3.84054456044021,0.0584599761744998,0.187558844146996,0.14680719244974,SLC35D2,1,MF,fanconi anemia
GO:0140186,protein N-acyltransferase activity,1/22,55/18662,0.0181818181818182,15.4231404958678,3.68009341401264,0.0629044110850603,0.187558844146996,0.14680719244974,BRCA2,1,MF,fanconi anemia
GO:0019843,rRNA binding,1/22,67/18662,0.0149253731343284,12.6607869742198,3.2849065136829,0.076117878544215,0.197019846013859,0.154212565031091,NGRN,1,MF,fanconi anemia
GO:0043178,alcohol binding,1/22,94/18662,0.0106382978723404,9.02417794970986,2.67940125990543,0.105200987115805,0.224010045690172,0.175338497301349,PTCH1,1,MF,fanconi anemia
GO:0004725,protein tyrosine phosphatase activity,1/22,98/18662,0.0102040816326531,8.65584415584416,2.61051495229798,0.109434551210763,0.224628815643145,0.175822824659952,CDC14B,1,MF,fanconi anemia
GO:0003697,single-stranded DNA binding,1/22,122/18662,0.00819672131147541,6.95305514157973,2.26631774148279,0.134437201963507,0.243149821555931,0.190319698383859,BRCA2,1,MF,fanconi anemia
GO:0005179,hormone activity,1/22,133/18662,0.0075187969924812,6.37799043062201,2.13833477004814,0.145671488253308,0.243149821555931,0.190319698383859,KL,1,MF,fanconi anemia
GO:0015297,antiporter activity,1/22,137/18662,0.0072992700729927,6.19177173191772,2.09533085149401,0.14972206754591,0.243149821555931,0.190319698383859,SLC35D2,1,MF,fanconi anemia
GO:0002020,protease binding,1/22,139/18662,0.00719424460431655,6.1026814911707,2.07446465741142,0.151740476321685,0.243149821555931,0.190319698383859,BRCA2,1,MF,fanconi anemia
GO:0019842,vitamin binding,1/22,150/18662,0.00666666666666667,5.65515151515152,1.96656643513963,0.162760227705495,0.253905955220572,0.198738804356183,KL,1,MF,fanconi anemia
GO:0008201,heparin binding,1/22,170/18662,0.00588235294117647,4.98983957219251,1.79532796026555,0.182446965923233,0.279036536117885,0.218409164572704,PTCH1,1,MF,fanconi anemia
GO:0046943,carboxylic acid transmembrane transporter activity,1/22,189/18662,0.00529100529100529,4.48821548821549,1.65585130968349,0.200739499467644,0.29133196533564,0.228033117266763,SLC35D2,1,MF,fanconi anemia
GO:0140993,histone modifying activity,1/22,202/18662,0.00495049504950495,4.1993699369937,1.57065260462479,0.213029622606199,0.302114737514246,0.23647307389779,BRCA2,1,MF,fanconi anemia
GO:0003714,transcription corepressor activity,1/22,214/18662,0.00467289719626168,3.96389124893798,1.49813292584395,0.224214069283836,0.312298167931057,0.244443910121476,N4BP2L2,1,MF,fanconi anemia
GO:0003730,mRNA 3'-UTR binding,1/22,263/18662,0.00380228136882129,3.22537158658832,1.24864547047614,0.268328980988773,0.347269253089504,0.271816689327817,ZAR1L,1,MF,fanconi anemia
GO:1901681,sulfur compound binding,1/22,266/18662,0.0037593984962406,3.188995215311,1.23532085398831,0.27095060104002,0.347269253089504,0.271816689327817,PTCH1,1,MF,fanconi anemia
GO:0008514,organic anion transmembrane transporter activity,1/22,270/18662,0.0037037037037037,3.14175084175084,1.21784548969042,0.27443214941976,0.347269253089504,0.271816689327817,SLC35D2,1,MF,fanconi anemia
GO:0005096,GTPase activator activity,1/22,277/18662,0.0036101083032491,3.06235641614703,1.18803061515618,0.280486704418446,0.347269253089504,0.271816689327817,STARD13,1,MF,fanconi anemia
GO:0001664,G protein-coupled receptor binding,1/22,300/18662,0.00333333333333333,2.82757575757576,1.09630619257815,0.300042521745808,0.36005102609497,0.281821315971771,PTCH1,1,MF,fanconi anemia
GO:0061630,ubiquitin protein ligase activity,1/22,380/18662,0.00263157894736842,2.2322966507177,0.833779200419425,0.36418670441322,0.422674386410998,0.330838251171901,RBBP6,1,MF,fanconi anemia
GO:0140098,"catalytic activity, acting on RNA",1/22,420/18662,0.00238095238095238,2.01969696969697,0.726131690465577,0.394115290552991,0.432971727649764,0.338898248362838,DHX8,1,MF,fanconi anemia
GO:0001228,"DNA-binding transcription activator activity, RNA polymerase II-specific",1/22,442/18662,0.00226244343891403,1.91916906622789,0.671874550973637,0.409997822894909,0.438877575847692,0.343520909570393,MESP1,1,MF,fanconi anemia
GO:0000800,lateral element,1/23,15/19944,0.0666666666666667,57.8086956521739,7.47861693582444,0.0171654646866474,0.211918493620582,0.178457678838384,BRCA2,1,CC,fanconi anemia
GO:0044292,dendrite terminus,1/23,15/19944,0.0666666666666667,57.8086956521739,7.47861693582444,0.0171654646866474,0.211918493620582,0.178457678838384,PTCH1,1,CC,fanconi anemia
GO:0072686,mitotic spindle,2/23,194/19944,0.0103092783505155,8.93948901837741,3.77583895063095,0.0208260640641505,0.211918493620582,0.178457678838384,NGRN/CDC14B,2,CC,fanconi anemia
GO:1990391,DNA repair complex,1/23,23/19944,0.0434782608695652,37.7013232514178,5.9840287032779,0.0262047677078123,0.211918493620582,0.178457678838384,BRCA2,1,CC,fanconi anemia
GO:0044295,axonal growth cone,1/23,26/19944,0.0384615384615385,33.3511705685619,5.60863792510886,0.0295739604801053,0.211918493620582,0.178457678838384,PTCH1,1,CC,fanconi anemia
GO:0071007,U2-type catalytic step 2 spliceosome,1/23,30/19944,0.0333333333333333,28.904347826087,5.19704943138448,0.03404887638702,0.211918493620582,0.178457678838384,DHX8,1,CC,fanconi anemia
GO:0000775,"chromosome, centromeric region",2/23,267/19944,0.00749063670411985,6.49535906204201,3.07167920000561,0.0375531165241807,0.211918493620582,0.178457678838384,PDS5B/ERCC6L2,2,CC,fanconi anemia
GO:0036464,cytoplasmic ribonucleoprotein granule,2/23,267/19944,0.00749063670411985,6.49535906204201,3.07167920000561,0.0375531165241807,0.211918493620582,0.178457678838384,ZAR1L/TNRC6A,2,CC,fanconi anemia
GO:0000152,nuclear ubiquitin ligase complex,1/23,47/19944,0.0212765957446809,18.4495837187789,4.06952569241054,0.0528480259690252,0.211918493620582,0.178457678838384,BRCA2,1,CC,fanconi anemia
GO:0045271,respiratory chain complex I,1/23,48/19944,0.0208333333333333,18.0652173913044,4.02210267112755,0.0539428892852389,0.211918493620582,0.178457678838384,WDR93,1,CC,fanconi anemia
GO:0005778,peroxisomal membrane,1/23,66/19944,0.0151515151515152,13.1383399209486,3.35620526849275,0.0734446419882211,0.231078429961683,0.194592362072996,PEX11A,1,CC,fanconi anemia
GO:0060170,ciliary membrane,1/23,80/19944,0.0125,10.8391304347826,2.996207957176,0.0883462147102449,0.231078429961683,0.194592362072996,PTCH1,1,CC,fanconi anemia
GO:0005901,caveola,1/23,81/19944,0.0123456790123457,10.7053140096618,2.97394734119137,0.0894017945059389,0.231078429961683,0.194592362072996,PTCH1,1,CC,fanconi anemia
GO:0017053,transcription repressor complex,1/23,81/19944,0.0123456790123457,10.7053140096618,2.97394734119137,0.0894017945059389,0.231078429961683,0.194592362072996,N4BP2L2,1,CC,fanconi anemia
GO:0045171,intercellular bridge,1/23,98/19944,0.0102040816326531,8.84826974267968,2.64639130184096,0.107168776514933,0.231078429961683,0.194592362072996,NGRN,1,CC,fanconi anemia
GO:0005811,lipid droplet,1/23,107/19944,0.00934579439252336,8.10402275497765,2.50358206053193,0.116440092736729,0.232161487595461,0.195504410606704,STARD13,1,CC,fanconi anemia
GO:1990204,oxidoreductase complex,1/23,117/19944,0.00854700854700855,7.4113712374582,2.36330050097415,0.126633538688434,0.232161487595461,0.195504410606704,WDR93,1,CC,fanconi anemia
GO:0030427,site of polarized growth,1/23,176/19944,0.00568181818181818,4.92687747035573,1.7779760758513,0.184523122754611,0.291455885751053,0.245436535369308,PTCH1,1,CC,fanconi anemia
GO:0030666,endocytic vesicle membrane,1/23,208/19944,0.00480769230769231,4.16889632107023,1.56103889620094,0.214366622492138,0.298526598049598,0.251390819410188,PTCH1,1,CC,fanconi anemia
GO:0030027,lamellipodium,1/23,209/19944,0.00478468899521531,4.14894944872062,1.55497661230977,0.215282186318784,0.298526598049598,0.251390819410188,ARPIN,1,CC,fanconi anemia
GO:0030496,midbody,1/23,211/19944,0.004739336492891,4.10962291366165,1.54296470718861,0.21711025312698,0.298526598049598,0.251390819410188,PTCH1,1,CC,fanconi anemia
GO:0045121,membrane raft,1/23,291/19944,0.00343642611683849,2.97982967279247,1.15601505838511,0.286982970905769,0.352795582633893,0.297091016954857,PTCH1,1,CC,fanconi anemia
GO:0045211,postsynaptic membrane,1/23,320/19944,0.003125,2.70978260869565,1.04767290365012,0.310806301310408,0.371616229827662,0.312939983012768,PTCH1,1,CC,fanconi anemia
GO:0000151,ubiquitin ligase complex,1/23,360/19944,0.00277777777777778,2.40869565217391,0.916476470118499,0.342419759993287,0.385215555896919,0.32439204707109,BRCA2,1,CC,fanconi anemia
GO:0030139,endocytic vesicle,1/23,361/19944,0.00277008310249308,2.40202336504878,0.913424876628607,0.343192040708164,0.385215555896919,0.32439204707109,PTCH1,1,CC,fanconi anemia
GO:0031253,cell projection membrane,1/23,361/19944,0.00277008310249308,2.40202336504878,0.913424876628607,0.343192040708164,0.385215555896919,0.32439204707109,PTCH1,1,CC,fanconi anemia
GO:0016442,RISC complex,1/23,410/19944,0.0024390243902439,2.11495227995758,0.775097277615099,0.3799890073198,0.407531366142387,0.343184308330431,TNRC6A,1,CC,fanconi anemia
GO:0016324,apical plasma membrane,1/23,425/19944,0.00235294117647059,2.04030690537084,0.736598379627585,0.390853407238847,0.407531366142387,0.343184308330431,KL,1,CC,fanconi anemia
GO:0016607,nuclear speck,1/23,431/19944,0.00232018561484919,2.01190356098053,0.721637896532726,0.395147976091785,0.407531366142387,0.343184308330431,RBBP6,1,CC,fanconi anemia
GO:0031252,cell leading edge,1/23,438/19944,0.00228310502283105,1.97974985110185,0.704484993314987,0.400121704939798,0.407531366142387,0.343184308330431,ARPIN,1,CC,fanconi anemia
